date,index,leg,strike,symbol,time,action,price,qty
2026-06-02,NIFTY,sell_ce,23550,NSE:NIFTY2660923550CE,10:00,SELL_OPEN,122.85,75
2026-06-02,NIFTY,sell_ce,23550,NSE:NIFTY2660923550CE,12:45,BUY_SL,165.85,75
2026-06-02,NIFTY,sell_pe,23050,NSE:NIFTY2660923050PE,10:00,SELL_OPEN,78.7,75
2026-06-02,NIFTY,sell_pe,23050,NSE:NIFTY2660923050PE,15:00,BUY_CLOSE,37.0,75
2026-06-02,NIFTY,buy_ce,23750,NSE:NIFTY2660923750CE,10:00,BUY_OPEN,64.85,75
2026-06-02,NIFTY,buy_ce,23750,NSE:NIFTY2660923750CE,15:00,SELL_CLOSE,99.0,75
2026-06-02,NIFTY,buy_pe,22850,NSE:NIFTY2660922850PE,10:00,BUY_OPEN,42.05,75
2026-06-02,NIFTY,buy_pe,22850,NSE:NIFTY2660922850PE,15:00,SELL_CLOSE,18.8,75
2026-06-02,SENSEX,sell_ce,74600,BSE:SENSEX2661174600CE,10:00,SELL_OPEN,555.45,20
2026-06-02,SENSEX,sell_ce,74600,BSE:SENSEX2661174600CE,12:45,BUY_SL,749.86,20
2026-06-02,SENSEX,sell_pe,73600,BSE:SENSEX2661173600PE,10:00,SELL_OPEN,485.0,20
2026-06-02,SENSEX,sell_pe,73600,BSE:SENSEX2661173600PE,15:00,BUY_CLOSE,227.6,20
2026-06-02,SENSEX,buy_ce,75000,BSE:SENSEX2661175000CE,10:00,BUY_OPEN,445.0,20
2026-06-02,SENSEX,buy_ce,75000,BSE:SENSEX2661175000CE,15:00,SELL_CLOSE,655.6,20
2026-06-02,SENSEX,buy_pe,73200,BSE:SENSEX2661173200PE,10:00,BUY_OPEN,352.75,20
2026-06-02,SENSEX,buy_pe,73200,BSE:SENSEX2661173200PE,15:00,SELL_CLOSE,162.0,20
2026-06-05,NIFTY,sell_ce,23700,NSE:NIFTY2660923700CE,10:00,SELL_OPEN,74.25,75
2026-06-05,NIFTY,sell_ce,23700,NSE:NIFTY2660923700CE,15:00,BUY_CLOSE,46.2,75
2026-06-05,NIFTY,sell_pe,23200,NSE:NIFTY2660923200PE,10:00,SELL_OPEN,55.65,75
2026-06-05,NIFTY,sell_pe,23200,NSE:NIFTY2660923200PE,10:40,BUY_SL,75.13,75
2026-06-05,NIFTY,sell_pe,23200,NSE:NIFTY2660923200PE,11:00,SELL_REOPEN,55.65,75
2026-06-05,NIFTY,sell_pe,23200,NSE:NIFTY2660923200PE,13:05,BUY_SL,75.13,75
2026-06-05,NIFTY,sell_pe,23200,NSE:NIFTY2660923200PE,14:40,SELL_REOPEN,55.65,75
2026-06-05,NIFTY,sell_pe,23200,NSE:NIFTY2660923200PE,15:00,BUY_CLOSE,55.65,75
2026-06-05,NIFTY,buy_ce,23900,NSE:NIFTY2660923900CE,10:00,BUY_OPEN,34.1,75
2026-06-05,NIFTY,buy_ce,23900,NSE:NIFTY2660923900CE,15:00,SELL_CLOSE,21.4,75
2026-06-05,NIFTY,buy_pe,23000,NSE:NIFTY2660923000PE,10:00,BUY_OPEN,24.1,75
2026-06-05,NIFTY,buy_pe,23000,NSE:NIFTY2660923000PE,15:00,SELL_CLOSE,21.0,75
2026-06-05,SENSEX,sell_ce,75000,BSE:SENSEX2661175000CE,10:00,SELL_OPEN,492.85,20
2026-06-05,SENSEX,sell_ce,75000,BSE:SENSEX2661175000CE,15:00,BUY_CLOSE,370.1,20
2026-06-05,SENSEX,sell_pe,74000,BSE:SENSEX2661174000PE,10:00,SELL_OPEN,362.85,20
2026-06-05,SENSEX,sell_pe,74000,BSE:SENSEX2661174000PE,10:40,BUY_SL,489.85,20
2026-06-05,SENSEX,sell_pe,74000,BSE:SENSEX2661174000PE,11:00,SELL_REOPEN,362.85,20
2026-06-05,SENSEX,sell_pe,74000,BSE:SENSEX2661174000PE,13:15,BUY_SL,489.85,20
2026-06-05,SENSEX,sell_pe,74000,BSE:SENSEX2661174000PE,14:40,SELL_REOPEN,362.85,20
2026-06-05,SENSEX,sell_pe,74000,BSE:SENSEX2661174000PE,15:00,BUY_CLOSE,407.45,20
2026-06-05,SENSEX,buy_ce,75400,BSE:SENSEX2661175400CE,10:00,BUY_OPEN,355.65,20
2026-06-05,SENSEX,buy_ce,75400,BSE:SENSEX2661175400CE,15:00,SELL_CLOSE,258.5,20
2026-06-05,SENSEX,buy_pe,73600,BSE:SENSEX2661173600PE,10:00,BUY_OPEN,250.6,20
2026-06-05,SENSEX,buy_pe,73600,BSE:SENSEX2661173600PE,15:00,SELL_CLOSE,273.4,20
2026-06-08,NIFTY,sell_ce,23450,NSE:NIFTY2660923450CE,10:00,SELL_OPEN,40.1,75
2026-06-08,NIFTY,sell_ce,23450,NSE:NIFTY2660923450CE,15:00,BUY_CLOSE,12.35,75
2026-06-08,NIFTY,sell_pe,22950,NSE:NIFTY2660922950PE,10:00,SELL_OPEN,34.75,75
2026-06-08,NIFTY,sell_pe,22950,NSE:NIFTY2660922950PE,15:00,BUY_CLOSE,36.8,75
2026-06-08,NIFTY,buy_ce,23650,NSE:NIFTY2660923650CE,10:00,BUY_OPEN,13.3,75
2026-06-08,NIFTY,buy_ce,23650,NSE:NIFTY2660923650CE,15:00,SELL_CLOSE,4.7,75
2026-06-08,NIFTY,buy_pe,22750,NSE:NIFTY2660922750PE,10:00,BUY_OPEN,11.65,75
2026-06-08,NIFTY,buy_pe,22750,NSE:NIFTY2660922750PE,15:00,SELL_CLOSE,9.8,75
2026-06-08,SENSEX,sell_ce,74200,BSE:SENSEX2661174200CE,10:00,SELL_OPEN,413.35,20
2026-06-08,SENSEX,sell_ce,74200,BSE:SENSEX2661174200CE,15:00,BUY_CLOSE,276.15,20
2026-06-08,SENSEX,sell_pe,73200,BSE:SENSEX2661173200PE,10:00,SELL_OPEN,344.7,20
2026-06-08,SENSEX,sell_pe,73200,BSE:SENSEX2661173200PE,15:00,BUY_CLOSE,371.0,20
2026-06-08,SENSEX,buy_ce,74600,BSE:SENSEX2661174600CE,10:00,BUY_OPEN,279.9,20
2026-06-08,SENSEX,buy_ce,74600,BSE:SENSEX2661174600CE,15:00,SELL_CLOSE,176.75,20
2026-06-08,SENSEX,buy_pe,72800,BSE:SENSEX2661172800PE,10:00,BUY_OPEN,233.9,20
2026-06-08,SENSEX,buy_pe,72800,BSE:SENSEX2661172800PE,15:00,SELL_CLOSE,245.85,20
2026-06-12,NIFTY,sell_ce,23600,NSE:NIFTY2661623600CE,10:00,SELL_OPEN,48.4,75
2026-06-12,NIFTY,sell_ce,23600,NSE:NIFTY2661623600CE,13:35,BUY_SL,65.34,75
2026-06-12,NIFTY,sell_pe,23100,NSE:NIFTY2661623100PE,10:00,SELL_OPEN,48.85,75
2026-06-12,NIFTY,sell_pe,23100,NSE:NIFTY2661623100PE,15:00,BUY_CLOSE,15.35,75
2026-06-12,NIFTY,buy_ce,23800,NSE:NIFTY2661623800CE,10:00,BUY_OPEN,14.8,75
2026-06-12,NIFTY,buy_ce,23800,NSE:NIFTY2661623800CE,15:00,SELL_CLOSE,85.55,75
2026-06-12,NIFTY,buy_pe,22900,NSE:NIFTY2661622900PE,10:00,BUY_OPEN,19.8,75
2026-06-12,NIFTY,buy_pe,22900,NSE:NIFTY2661622900PE,15:00,SELL_CLOSE,8.5,75
2026-06-12,SENSEX,sell_ce,75100,BSE:SENSEX2661875100CE,10:00,SELL_OPEN,378.1,20
2026-06-12,SENSEX,sell_ce,75100,BSE:SENSEX2661875100CE,13:35,BUY_SL,510.44,20
2026-06-12,SENSEX,sell_pe,74100,BSE:SENSEX2661874100PE,10:00,SELL_OPEN,360.9,20
2026-06-12,SENSEX,sell_pe,74100,BSE:SENSEX2661874100PE,15:00,BUY_CLOSE,150.1,20
2026-06-12,SENSEX,buy_ce,75500,BSE:SENSEX2661875500CE,10:00,BUY_OPEN,245.3,20
2026-06-12,SENSEX,buy_ce,75500,BSE:SENSEX2661875500CE,15:00,SELL_CLOSE,735.05,20
2026-06-12,SENSEX,buy_pe,73700,BSE:SENSEX2661873700PE,10:00,BUY_OPEN,250.35,20
2026-06-12,SENSEX,buy_pe,73700,BSE:SENSEX2661873700PE,15:00,SELL_CLOSE,105.6,20
2026-06-15,NIFTY,sell_ce,24200,NSE:NIFTY2661624200CE,10:00,SELL_OPEN,20.65,75
2026-06-15,NIFTY,sell_ce,24200,NSE:NIFTY2661624200CE,10:45,BUY_SL,27.88,75
2026-06-15,NIFTY,sell_ce,24200,NSE:NIFTY2661624200CE,12:15,SELL_REOPEN,20.65,75
2026-06-15,NIFTY,sell_ce,24200,NSE:NIFTY2661624200CE,15:00,BUY_CLOSE,11.7,75
2026-06-15,NIFTY,sell_pe,23700,NSE:NIFTY2661623700PE,10:00,SELL_OPEN,26.45,75
2026-06-15,NIFTY,sell_pe,23700,NSE:NIFTY2661623700PE,15:00,BUY_CLOSE,23.1,75
2026-06-15,NIFTY,buy_ce,24400,NSE:NIFTY2661624400CE,10:00,BUY_OPEN,6.3,75
2026-06-15,NIFTY,buy_ce,24400,NSE:NIFTY2661624400CE,15:00,SELL_CLOSE,4.35,75
2026-06-15,NIFTY,buy_pe,23500,NSE:NIFTY2661623500PE,10:00,BUY_OPEN,9.95,75
2026-06-15,NIFTY,buy_pe,23500,NSE:NIFTY2661623500PE,15:00,SELL_CLOSE,7.8,75
2026-06-15,SENSEX,sell_ce,77100,BSE:SENSEX2661877100CE,10:00,SELL_OPEN,292.4,20
2026-06-15,SENSEX,sell_ce,77100,BSE:SENSEX2661877100CE,15:00,BUY_CLOSE,214.35,20
2026-06-15,SENSEX,sell_pe,76100,BSE:SENSEX2661876100PE,10:00,SELL_OPEN,288.05,20
2026-06-15,SENSEX,sell_pe,76100,BSE:SENSEX2661876100PE,15:00,BUY_CLOSE,326.75,20
2026-06-15,SENSEX,buy_ce,77500,BSE:SENSEX2661877500CE,10:00,BUY_OPEN,177.9,20
2026-06-15,SENSEX,buy_ce,77500,BSE:SENSEX2661877500CE,15:00,SELL_CLOSE,130.85,20
2026-06-15,SENSEX,buy_pe,75700,BSE:SENSEX2661875700PE,10:00,BUY_OPEN,185.8,20
2026-06-15,SENSEX,buy_pe,75700,BSE:SENSEX2661875700PE,15:00,SELL_CLOSE,204.15,20
2026-06-16,NIFTY,sell_ce,24200,NSE:NIFTY2661624200CE,10:00,SELL_OPEN,2.15,75
2026-06-16,NIFTY,sell_ce,24200,NSE:NIFTY2661624200CE,10:45,BUY_SL,2.9,75
2026-06-16,NIFTY,sell_ce,24200,NSE:NIFTY2661624200CE,10:50,SELL_REOPEN,2.15,75
2026-06-16,NIFTY,sell_ce,24200,NSE:NIFTY2661624200CE,15:00,BUY_CLOSE,0.1,75
2026-06-16,NIFTY,sell_pe,23700,NSE:NIFTY2661623700PE,10:00,SELL_OPEN,2.85,75
2026-06-16,NIFTY,sell_pe,23700,NSE:NIFTY2661623700PE,10:05,BUY_SL,3.85,75
2026-06-16,NIFTY,sell_pe,23700,NSE:NIFTY2661623700PE,10:15,SELL_REOPEN,2.85,75
2026-06-16,NIFTY,sell_pe,23700,NSE:NIFTY2661623700PE,15:00,BUY_CLOSE,0.15,75
2026-06-16,NIFTY,buy_ce,24400,NSE:NIFTY2661624400CE,10:00,BUY_OPEN,0.9,75
2026-06-16,NIFTY,buy_ce,24400,NSE:NIFTY2661624400CE,15:00,SELL_CLOSE,0.1,75
2026-06-16,NIFTY,buy_pe,23500,NSE:NIFTY2661623500PE,10:00,BUY_OPEN,1.35,75
2026-06-16,NIFTY,buy_pe,23500,NSE:NIFTY2661623500PE,15:00,SELL_CLOSE,0.1,75
2026-06-16,SENSEX,sell_ce,77100,BSE:SENSEX2661877100CE,10:00,SELL_OPEN,188.55,20
2026-06-16,SENSEX,sell_ce,77100,BSE:SENSEX2661877100CE,15:00,BUY_CLOSE,201.65,20
2026-06-16,SENSEX,sell_pe,76100,BSE:SENSEX2661876100PE,10:00,SELL_OPEN,182.35,20
2026-06-16,SENSEX,sell_pe,76100,BSE:SENSEX2661876100PE,15:00,BUY_CLOSE,102.25,20
2026-06-16,SENSEX,buy_ce,77500,BSE:SENSEX2661877500CE,10:00,BUY_OPEN,96.4,20
2026-06-16,SENSEX,buy_ce,77500,BSE:SENSEX2661877500CE,15:00,SELL_CLOSE,95.3,20
2026-06-16,SENSEX,buy_pe,75700,BSE:SENSEX2661875700PE,10:00,BUY_OPEN,97.85,20
2026-06-16,SENSEX,buy_pe,75700,BSE:SENSEX2661875700PE,15:00,SELL_CLOSE,50.6,20
2026-06-17,NIFTY,sell_ce,24300,NSE:NIFTY2662324300CE,10:00,SELL_OPEN,71.55,75
2026-06-17,NIFTY,sell_ce,24300,NSE:NIFTY2662324300CE,15:00,BUY_CLOSE,65.1,75
2026-06-17,NIFTY,sell_pe,23800,NSE:NIFTY2662323800PE,10:00,SELL_OPEN,72.55,75
2026-06-17,NIFTY,sell_pe,23800,NSE:NIFTY2662323800PE,15:00,BUY_CLOSE,52.85,75
2026-06-17,NIFTY,buy_ce,24500,NSE:NIFTY2662324500CE,10:00,BUY_OPEN,31.6,75
2026-06-17,NIFTY,buy_ce,24500,NSE:NIFTY2662324500CE,15:00,SELL_CLOSE,27.65,75
2026-06-17,NIFTY,buy_pe,23600,NSE:NIFTY2662323600PE,10:00,BUY_OPEN,34.8,75
2026-06-17,NIFTY,buy_pe,23600,NSE:NIFTY2662323600PE,15:00,SELL_CLOSE,22.95,75
2026-06-17,SENSEX,sell_ce,77600,BSE:SENSEX2661877600CE,10:00,SELL_OPEN,122.1,20
2026-06-17,SENSEX,sell_ce,77600,BSE:SENSEX2661877600CE,15:00,BUY_CLOSE,89.8,20
2026-06-17,SENSEX,sell_pe,76600,BSE:SENSEX2661876600PE,10:00,SELL_OPEN,134.25,20
2026-06-17,SENSEX,sell_pe,76600,BSE:SENSEX2661876600PE,15:00,BUY_CLOSE,57.2,20
2026-06-17,SENSEX,buy_ce,78000,BSE:SENSEX2661878000CE,10:00,BUY_OPEN,51.3,20
2026-06-17,SENSEX,buy_ce,78000,BSE:SENSEX2661878000CE,15:00,SELL_CLOSE,30.4,20
2026-06-17,SENSEX,buy_pe,76200,BSE:SENSEX2661876200PE,10:00,BUY_OPEN,61.6,20
2026-06-17,SENSEX,buy_pe,76200,BSE:SENSEX2661876200PE,15:00,SELL_CLOSE,20.6,20
2026-06-18,NIFTY,sell_ce,24400,NSE:NIFTY2662324400CE,10:00,SELL_OPEN,35.15,75
2026-06-18,NIFTY,sell_ce,24400,NSE:NIFTY2662324400CE,15:00,BUY_CLOSE,32.9,75
2026-06-18,NIFTY,sell_pe,23900,NSE:NIFTY2662323900PE,10:00,SELL_OPEN,51.2,75
2026-06-18,NIFTY,sell_pe,23900,NSE:NIFTY2662323900PE,11:10,BUY_SL,69.12,75
2026-06-18,NIFTY,sell_pe,23900,NSE:NIFTY2662323900PE,12:25,SELL_REOPEN,51.2,75
2026-06-18,NIFTY,sell_pe,23900,NSE:NIFTY2662323900PE,15:00,BUY_CLOSE,30.65,75
2026-06-18,NIFTY,buy_ce,24600,NSE:NIFTY2662324600CE,10:00,BUY_OPEN,13.1,75
2026-06-18,NIFTY,buy_ce,24600,NSE:NIFTY2662324600CE,15:00,SELL_CLOSE,11.2,75
2026-06-18,NIFTY,buy_pe,23700,NSE:NIFTY2662323700PE,10:00,BUY_OPEN,19.4,75
2026-06-18,NIFTY,buy_pe,23700,NSE:NIFTY2662323700PE,15:00,SELL_CLOSE,11.6,75
2026-06-18,SENSEX,sell_ce,77700,BSE:SENSEX2661877700CE,10:00,SELL_OPEN,27.5,20
2026-06-18,SENSEX,sell_ce,77700,BSE:SENSEX2661877700CE,15:00,BUY_CLOSE,0.4,20
2026-06-18,SENSEX,sell_pe,76700,BSE:SENSEX2661876700PE,10:00,SELL_OPEN,18.15,20
2026-06-18,SENSEX,sell_pe,76700,BSE:SENSEX2661876700PE,10:35,BUY_SL,24.5,20
2026-06-18,SENSEX,sell_pe,76700,BSE:SENSEX2661876700PE,11:50,SELL_REOPEN,18.15,20
2026-06-18,SENSEX,sell_pe,76700,BSE:SENSEX2661876700PE,15:00,BUY_CLOSE,0.4,20
2026-06-18,SENSEX,buy_ce,78100,BSE:SENSEX2661878100CE,10:00,BUY_OPEN,6.2,20
2026-06-18,SENSEX,buy_ce,78100,BSE:SENSEX2661878100CE,15:00,SELL_CLOSE,0.25,20
2026-06-18,SENSEX,buy_pe,76300,BSE:SENSEX2661876300PE,10:00,BUY_OPEN,5.5,20
2026-06-18,SENSEX,buy_pe,76300,BSE:SENSEX2661876300PE,15:00,SELL_CLOSE,0.3,20
2026-06-19,NIFTY,sell_ce,24250,NSE:NIFTY2662324250CE,10:00,SELL_OPEN,37.55,75
2026-06-19,NIFTY,sell_ce,24250,NSE:NIFTY2662324250CE,15:00,BUY_CLOSE,31.15,75
2026-06-19,NIFTY,sell_pe,23750,NSE:NIFTY2662323750PE,10:00,SELL_OPEN,37.65,75
2026-06-19,NIFTY,sell_pe,23750,NSE:NIFTY2662323750PE,13:05,BUY_SL,50.83,75
2026-06-19,NIFTY,sell_pe,23750,NSE:NIFTY2662323750PE,13:40,SELL_REOPEN,37.65,75
2026-06-19,NIFTY,sell_pe,23750,NSE:NIFTY2662323750PE,15:00,BUY_CLOSE,19.5,75
2026-06-19,NIFTY,buy_ce,24450,NSE:NIFTY2662324450CE,10:00,BUY_OPEN,13.2,75
2026-06-19,NIFTY,buy_ce,24450,NSE:NIFTY2662324450CE,15:00,SELL_CLOSE,10.1,75
2026-06-19,NIFTY,buy_pe,23550,NSE:NIFTY2662323550PE,10:00,BUY_OPEN,12.7,75
2026-06-19,NIFTY,buy_pe,23550,NSE:NIFTY2662323550PE,15:00,SELL_CLOSE,6.3,75
2026-06-22,NIFTY,sell_ce,24400,NSE:NIFTY2662324400CE,10:00,SELL_OPEN,9.55,75
2026-06-22,NIFTY,sell_ce,24400,NSE:NIFTY2662324400CE,15:00,BUY_CLOSE,5.6,75
2026-06-22,NIFTY,sell_pe,23900,NSE:NIFTY2662323900PE,10:00,SELL_OPEN,14.05,75
2026-06-22,NIFTY,sell_pe,23900,NSE:NIFTY2662323900PE,15:00,BUY_CLOSE,9.85,75
2026-06-22,NIFTY,buy_ce,24600,NSE:NIFTY2662324600CE,10:00,BUY_OPEN,2.85,75
2026-06-22,NIFTY,buy_ce,24600,NSE:NIFTY2662324600CE,15:00,SELL_CLOSE,2.1,75
2026-06-22,NIFTY,buy_pe,23700,NSE:NIFTY2662323700PE,10:00,BUY_OPEN,4.1,75
2026-06-22,NIFTY,buy_pe,23700,NSE:NIFTY2662323700PE,15:00,SELL_CLOSE,3.05,75
2026-06-23,NIFTY,sell_ce,24400,NSE:NIFTY2662324400CE,10:00,SELL_OPEN,1.2,75
2026-06-23,NIFTY,sell_ce,24400,NSE:NIFTY2662324400CE,12:05,BUY_SL,1.62,75
2026-06-23,NIFTY,sell_ce,24400,NSE:NIFTY2662324400CE,13:00,SELL_REOPEN,1.2,75
2026-06-23,NIFTY,sell_ce,24400,NSE:NIFTY2662324400CE,13:25,BUY_SL,1.62,75
2026-06-23,NIFTY,sell_ce,24400,NSE:NIFTY2662324400CE,13:50,SELL_REOPEN,1.2,75
2026-06-23,NIFTY,sell_ce,24400,NSE:NIFTY2662324400CE,14:00,BUY_SL,1.62,75
2026-06-23,NIFTY,sell_ce,24400,NSE:NIFTY2662324400CE,14:05,SELL_REOPEN,1.2,75
2026-06-23,NIFTY,sell_ce,24400,NSE:NIFTY2662324400CE,15:00,BUY_CLOSE,0.15,75
2026-06-23,NIFTY,sell_pe,23900,NSE:NIFTY2662323900PE,10:00,SELL_OPEN,2.05,75
2026-06-23,NIFTY,sell_pe,23900,NSE:NIFTY2662323900PE,11:45,BUY_SL,2.77,75
2026-06-23,NIFTY,buy_ce,24600,NSE:NIFTY2662324600CE,10:00,BUY_OPEN,0.6,75
2026-06-23,NIFTY,buy_ce,24600,NSE:NIFTY2662324600CE,15:00,SELL_CLOSE,0.1,75
2026-06-23,NIFTY,buy_pe,23700,NSE:NIFTY2662323700PE,10:00,BUY_OPEN,1.05,75
2026-06-23,NIFTY,buy_pe,23700,NSE:NIFTY2662323700PE,15:00,SELL_CLOSE,0.35,75
2026-06-29,SENSEX,sell_ce,77600,BSE:SENSEX2670277600CE,10:00,SELL_OPEN,248.8,20
2026-06-29,SENSEX,sell_ce,77600,BSE:SENSEX2670277600CE,15:00,BUY_CLOSE,155.35,20
2026-06-29,SENSEX,sell_pe,76600,BSE:SENSEX2670276600PE,10:00,SELL_OPEN,244.8,20
2026-06-29,SENSEX,sell_pe,76600,BSE:SENSEX2670276600PE,12:10,BUY_SL,330.48,20
2026-06-29,SENSEX,buy_ce,78000,BSE:SENSEX2670278000CE,10:00,BUY_OPEN,139.8,20
2026-06-29,SENSEX,buy_ce,78000,BSE:SENSEX2670278000CE,15:00,SELL_CLOSE,85.85,20
2026-06-29,SENSEX,buy_pe,76200,BSE:SENSEX2670276200PE,10:00,BUY_OPEN,147.45,20
2026-06-29,SENSEX,buy_pe,76200,BSE:SENSEX2670276200PE,15:00,SELL_CLOSE,224.35,20
2026-06-30,SENSEX,sell_ce,77100,BSE:SENSEX2670277100CE,10:00,SELL_OPEN,215.15,20
2026-06-30,SENSEX,sell_ce,77100,BSE:SENSEX2670277100CE,11:20,BUY_SL,290.45,20
2026-06-30,SENSEX,sell_ce,77100,BSE:SENSEX2670277100CE,11:35,SELL_REOPEN,215.15,20
2026-06-30,SENSEX,sell_ce,77100,BSE:SENSEX2670277100CE,15:00,BUY_CLOSE,150.9,20
2026-06-30,SENSEX,sell_pe,76100,BSE:SENSEX2670276100PE,10:00,SELL_OPEN,216.15,20
2026-06-30,SENSEX,sell_pe,76100,BSE:SENSEX2670276100PE,15:00,BUY_CLOSE,162.15,20
2026-06-30,SENSEX,buy_ce,77500,BSE:SENSEX2670277500CE,10:00,BUY_OPEN,122.1,20
2026-06-30,SENSEX,buy_ce,77500,BSE:SENSEX2670277500CE,15:00,SELL_CLOSE,79.2,20
2026-06-30,SENSEX,buy_pe,75700,BSE:SENSEX2670275700PE,10:00,BUY_OPEN,116.5,20
2026-06-30,SENSEX,buy_pe,75700,BSE:SENSEX2670275700PE,15:00,SELL_CLOSE,67.6,20
2026-07-01,NIFTY,sell_ce,24250,NSE:NIFTY2670724250CE,10:00,SELL_OPEN,64.6,75
2026-07-01,NIFTY,sell_ce,24250,NSE:NIFTY2670724250CE,15:00,BUY_CLOSE,60.95,75
2026-07-01,NIFTY,sell_pe,23750,NSE:NIFTY2670723750PE,10:00,SELL_OPEN,65.15,75
2026-07-01,NIFTY,sell_pe,23750,NSE:NIFTY2670723750PE,15:00,BUY_CLOSE,50.25,75
2026-07-01,NIFTY,buy_ce,24450,NSE:NIFTY2670724450CE,10:00,BUY_OPEN,25.95,75
2026-07-01,NIFTY,buy_ce,24450,NSE:NIFTY2670724450CE,15:00,SELL_CLOSE,22.15,75
2026-07-01,NIFTY,buy_pe,23550,NSE:NIFTY2670723550PE,10:00,BUY_OPEN,29.4,75
2026-07-01,NIFTY,buy_pe,23550,NSE:NIFTY2670723550PE,15:00,SELL_CLOSE,21.4,75
2026-07-01,SENSEX,sell_ce,77300,BSE:SENSEX2670277300CE,10:00,SELL_OPEN,136.4,20
2026-07-01,SENSEX,sell_ce,77300,BSE:SENSEX2670277300CE,10:20,BUY_SL,184.14,20
2026-07-01,SENSEX,sell_ce,77300,BSE:SENSEX2670277300CE,10:35,SELL_REOPEN,136.4,20
2026-07-01,SENSEX,sell_ce,77300,BSE:SENSEX2670277300CE,11:15,BUY_SL,184.14,20
2026-07-01,SENSEX,sell_ce,77300,BSE:SENSEX2670277300CE,11:30,SELL_REOPEN,136.4,20
2026-07-01,SENSEX,sell_ce,77300,BSE:SENSEX2670277300CE,12:00,BUY_SL,184.14,20
2026-07-01,SENSEX,sell_ce,77300,BSE:SENSEX2670277300CE,13:30,SELL_REOPEN,136.4,20
2026-07-01,SENSEX,sell_ce,77300,BSE:SENSEX2670277300CE,15:00,BUY_CLOSE,109.6,20
2026-07-01,SENSEX,sell_pe,76300,BSE:SENSEX2670276300PE,10:00,SELL_OPEN,111.85,20
2026-07-01,SENSEX,sell_pe,76300,BSE:SENSEX2670276300PE,15:00,BUY_CLOSE,48.95,20
2026-07-01,SENSEX,buy_ce,77700,BSE:SENSEX2670277700CE,10:00,BUY_OPEN,55.45,20
2026-07-01,SENSEX,buy_ce,77700,BSE:SENSEX2670277700CE,15:00,SELL_CLOSE,32.7,20
2026-07-01,SENSEX,buy_pe,75900,BSE:SENSEX2670275900PE,10:00,BUY_OPEN,50.1,20
2026-07-01,SENSEX,buy_pe,75900,BSE:SENSEX2670275900PE,15:00,SELL_CLOSE,18.9,20
2026-07-03,NIFTY,sell_ce,24600,NSE:NIFTY2670724600CE,10:00,SELL_OPEN,17.9,75
2026-07-03,NIFTY,sell_ce,24600,NSE:NIFTY2670724600CE,15:00,BUY_CLOSE,8.7,75
2026-07-03,NIFTY,sell_pe,24100,NSE:NIFTY2670724100PE,10:00,SELL_OPEN,30.0,75
2026-07-03,NIFTY,sell_pe,24100,NSE:NIFTY2670724100PE,13:35,BUY_SL,40.5,75
2026-07-03,NIFTY,sell_pe,24100,NSE:NIFTY2670724100PE,15:00,SELL_REOPEN,30.0,75
2026-07-03,NIFTY,sell_pe,24100,NSE:NIFTY2670724100PE,15:00,BUY_CLOSE,31.7,75
2026-07-03,NIFTY,buy_ce,24800,NSE:NIFTY2670724800CE,10:00,BUY_OPEN,4.6,75
2026-07-03,NIFTY,buy_ce,24800,NSE:NIFTY2670724800CE,15:00,SELL_CLOSE,3.2,75
2026-07-03,NIFTY,buy_pe,23900,NSE:NIFTY2670723900PE,10:00,BUY_OPEN,12.0,75
2026-07-03,NIFTY,buy_pe,23900,NSE:NIFTY2670723900PE,15:00,SELL_CLOSE,10.35,75
2026-07-03,SENSEX,sell_ce,78500,BSE:SENSEX2670978500CE,10:00,SELL_OPEN,263.9,20
2026-07-03,SENSEX,sell_ce,78500,BSE:SENSEX2670978500CE,15:00,BUY_CLOSE,172.45,20
2026-07-03,SENSEX,sell_pe,77500,BSE:SENSEX2670977500PE,10:00,SELL_OPEN,241.05,20
2026-07-03,SENSEX,sell_pe,77500,BSE:SENSEX2670977500PE,14:45,BUY_SL,325.42,20
2026-07-03,SENSEX,buy_ce,78900,BSE:SENSEX2670978900CE,10:00,BUY_OPEN,151.0,20
2026-07-03,SENSEX,buy_ce,78900,BSE:SENSEX2670978900CE,15:00,SELL_CLOSE,94.2,20
2026-07-03,SENSEX,buy_pe,77100,BSE:SENSEX2670977100PE,10:00,BUY_OPEN,146.35,20
2026-07-03,SENSEX,buy_pe,77100,BSE:SENSEX2670977100PE,15:00,SELL_CLOSE,171.9,20
2026-07-09,NIFTY,sell_ce,24300,NSE:NIFTY2671424300CE,10:00,SELL_OPEN,49.1,75
2026-07-09,NIFTY,sell_ce,24300,NSE:NIFTY2671424300CE,10:40,BUY_SL,66.29,75
2026-07-09,NIFTY,sell_ce,24300,NSE:NIFTY2671424300CE,10:45,SELL_REOPEN,49.1,75
2026-07-09,NIFTY,sell_ce,24300,NSE:NIFTY2671424300CE,15:00,BUY_CLOSE,29.6,75
2026-07-09,NIFTY,sell_pe,23800,NSE:NIFTY2671423800PE,10:00,SELL_OPEN,62.5,75
2026-07-09,NIFTY,sell_pe,23800,NSE:NIFTY2671423800PE,15:00,BUY_CLOSE,73.15,75
2026-07-09,NIFTY,buy_ce,24500,NSE:NIFTY2671424500CE,10:00,BUY_OPEN,19.05,75
2026-07-09,NIFTY,buy_ce,24500,NSE:NIFTY2671424500CE,15:00,SELL_CLOSE,11.2,75
2026-07-09,NIFTY,buy_pe,23600,NSE:NIFTY2671423600PE,10:00,BUY_OPEN,29.5,75
2026-07-09,NIFTY,buy_pe,23600,NSE:NIFTY2671423600PE,15:00,SELL_CLOSE,31.8,75
2026-07-09,SENSEX,sell_ce,77500,BSE:SENSEX2670977500CE,10:00,SELL_OPEN,32.75,20
2026-07-09,SENSEX,sell_ce,77500,BSE:SENSEX2670977500CE,10:40,BUY_SL,44.21,20
2026-07-09,SENSEX,sell_ce,77500,BSE:SENSEX2670977500CE,10:45,SELL_REOPEN,32.75,20
2026-07-09,SENSEX,sell_ce,77500,BSE:SENSEX2670977500CE,11:25,BUY_SL,44.21,20
2026-07-09,SENSEX,sell_ce,77500,BSE:SENSEX2670977500CE,11:35,SELL_REOPEN,32.75,20
2026-07-09,SENSEX,sell_ce,77500,BSE:SENSEX2670977500CE,15:00,BUY_CLOSE,0.7,20
2026-07-09,SENSEX,sell_pe,76500,BSE:SENSEX2670976500PE,10:00,SELL_OPEN,41.8,20
2026-07-09,SENSEX,sell_pe,76500,BSE:SENSEX2670976500PE,10:50,BUY_SL,56.43,20
2026-07-09,SENSEX,sell_pe,76500,BSE:SENSEX2670976500PE,10:55,SELL_REOPEN,41.8,20
2026-07-09,SENSEX,sell_pe,76500,BSE:SENSEX2670976500PE,11:00,BUY_SL,56.43,20
2026-07-09,SENSEX,sell_pe,76500,BSE:SENSEX2670976500PE,11:05,SELL_REOPEN,41.8,20
2026-07-09,SENSEX,sell_pe,76500,BSE:SENSEX2670976500PE,15:00,BUY_CLOSE,3.0,20
2026-07-09,SENSEX,buy_ce,77900,BSE:SENSEX2670977900CE,10:00,BUY_OPEN,9.65,20
2026-07-09,SENSEX,buy_ce,77900,BSE:SENSEX2670977900CE,15:00,SELL_CLOSE,0.9,20
2026-07-09,SENSEX,buy_pe,76100,BSE:SENSEX2670976100PE,10:00,BUY_OPEN,16.25,20
2026-07-09,SENSEX,buy_pe,76100,BSE:SENSEX2670976100PE,15:00,SELL_CLOSE,1.05,20
2026-07-10,NIFTY,sell_ce,24450,NSE:NIFTY2671424450CE,10:00,SELL_OPEN,30.35,75
2026-07-10,NIFTY,sell_ce,24450,NSE:NIFTY2671424450CE,15:00,BUY_CLOSE,19.6,75
2026-07-10,NIFTY,sell_pe,23950,NSE:NIFTY2671423950PE,10:00,SELL_OPEN,35.55,75
2026-07-10,NIFTY,sell_pe,23950,NSE:NIFTY2671423950PE,15:00,BUY_CLOSE,29.1,75
2026-07-10,NIFTY,buy_ce,24650,NSE:NIFTY2671424650CE,10:00,BUY_OPEN,7.55,75
2026-07-10,NIFTY,buy_ce,24650,NSE:NIFTY2671424650CE,15:00,SELL_CLOSE,5.3,75
2026-07-10,NIFTY,buy_pe,23750,NSE:NIFTY2671423750PE,10:00,BUY_OPEN,14.65,75
2026-07-10,NIFTY,buy_pe,23750,NSE:NIFTY2671423750PE,15:00,SELL_CLOSE,11.9,75
2026-07-10,SENSEX,sell_ce,78100,BSE:SENSEX2671678100CE,10:00,SELL_OPEN,295.95,20
2026-07-10,SENSEX,sell_ce,78100,BSE:SENSEX2671678100CE,15:00,BUY_CLOSE,231.4,20
2026-07-10,SENSEX,sell_pe,77100,BSE:SENSEX2671677100PE,10:00,SELL_OPEN,312.95,20
2026-07-10,SENSEX,sell_pe,77100,BSE:SENSEX2671677100PE,15:00,BUY_CLOSE,285.85,20
2026-07-10,SENSEX,buy_ce,78500,BSE:SENSEX2671678500CE,10:00,BUY_OPEN,177.25,20
2026-07-10,SENSEX,buy_ce,78500,BSE:SENSEX2671678500CE,15:00,SELL_CLOSE,131.75,20
2026-07-10,SENSEX,buy_pe,76700,BSE:SENSEX2671676700PE,10:00,BUY_OPEN,207.95,20
2026-07-10,SENSEX,buy_pe,76700,BSE:SENSEX2671676700PE,15:00,SELL_CLOSE,184.4,20
2026-07-13,NIFTY,sell_ce,24350,NSE:NIFTY2671424350CE,10:00,SELL_OPEN,17.6,75
2026-07-13,NIFTY,sell_ce,24350,NSE:NIFTY2671424350CE,10:30,BUY_SL,23.76,75
2026-07-13,NIFTY,sell_ce,24350,NSE:NIFTY2671424350CE,10:50,SELL_REOPEN,17.6,75
2026-07-13,NIFTY,sell_ce,24350,NSE:NIFTY2671424350CE,11:10,BUY_SL,23.76,75
2026-07-13,NIFTY,sell_ce,24350,NSE:NIFTY2671424350CE,11:15,SELL_REOPEN,17.6,75
2026-07-13,NIFTY,sell_ce,24350,NSE:NIFTY2671424350CE,12:10,BUY_SL,23.76,75
2026-07-13,NIFTY,sell_pe,23850,NSE:NIFTY2671423850PE,10:00,SELL_OPEN,23.25,75
2026-07-13,NIFTY,sell_pe,23850,NSE:NIFTY2671423850PE,15:00,BUY_CLOSE,10.85,75
2026-07-13,NIFTY,buy_ce,24550,NSE:NIFTY2671424550CE,10:00,BUY_OPEN,4.65,75
2026-07-13,NIFTY,buy_ce,24550,NSE:NIFTY2671424550CE,15:00,SELL_CLOSE,4.95,75
2026-07-13,NIFTY,buy_pe,23650,NSE:NIFTY2671423650PE,10:00,BUY_OPEN,7.9,75
2026-07-13,NIFTY,buy_pe,23650,NSE:NIFTY2671423650PE,15:00,SELL_CLOSE,4.7,75
2026-07-13,SENSEX,sell_ce,77800,BSE:SENSEX2671677800CE,10:00,SELL_OPEN,238.4,20
2026-07-13,SENSEX,sell_ce,77800,BSE:SENSEX2671677800CE,12:10,BUY_SL,321.84,20
2026-07-13,SENSEX,sell_pe,76800,BSE:SENSEX2671676800PE,10:00,SELL_OPEN,292.5,20
2026-07-13,SENSEX,sell_pe,76800,BSE:SENSEX2671676800PE,15:00,BUY_CLOSE,185.85,20
2026-07-13,SENSEX,buy_ce,78200,BSE:SENSEX2671678200CE,10:00,BUY_OPEN,132.95,20
2026-07-13,SENSEX,buy_ce,78200,BSE:SENSEX2671678200CE,15:00,SELL_CLOSE,217.9,20
2026-07-13,SENSEX,buy_pe,76400,BSE:SENSEX2671676400PE,10:00,BUY_OPEN,187.5,20
2026-07-13,SENSEX,buy_pe,76400,BSE:SENSEX2671676400PE,15:00,SELL_CLOSE,122.2,20
2026-07-14,NIFTY,sell_ce,24350,NSE:NIFTY2671424350CE,10:00,SELL_OPEN,2.55,75
2026-07-14,NIFTY,sell_ce,24350,NSE:NIFTY2671424350CE,15:00,BUY_CLOSE,0.2,75
2026-07-14,NIFTY,sell_pe,23850,NSE:NIFTY2671423850PE,10:00,SELL_OPEN,5.2,75
2026-07-14,NIFTY,sell_pe,23850,NSE:NIFTY2671423850PE,10:15,BUY_SL,7.02,75
2026-07-14,NIFTY,sell_pe,23850,NSE:NIFTY2671423850PE,10:20,SELL_REOPEN,5.2,75
2026-07-14,NIFTY,sell_pe,23850,NSE:NIFTY2671423850PE,15:00,BUY_CLOSE,0.25,75
2026-07-14,NIFTY,buy_ce,24550,NSE:NIFTY2671424550CE,10:00,BUY_OPEN,1.05,75
2026-07-14,NIFTY,buy_ce,24550,NSE:NIFTY2671424550CE,15:00,SELL_CLOSE,0.15,75
2026-07-14,NIFTY,buy_pe,23650,NSE:NIFTY2671423650PE,10:00,BUY_OPEN,1.4,75
2026-07-14,NIFTY,buy_pe,23650,NSE:NIFTY2671423650PE,15:00,SELL_CLOSE,0.15,75
2026-07-14,SENSEX,sell_ce,77700,BSE:SENSEX2671677700CE,10:00,SELL_OPEN,178.15,20
2026-07-14,SENSEX,sell_ce,77700,BSE:SENSEX2671677700CE,15:00,BUY_CLOSE,109.25,20
2026-07-14,SENSEX,sell_pe,76700,BSE:SENSEX2671676700PE,10:00,SELL_OPEN,243.05,20
2026-07-14,SENSEX,sell_pe,76700,BSE:SENSEX2671676700PE,15:00,BUY_CLOSE,245.8,20
2026-07-14,SENSEX,buy_ce,78100,BSE:SENSEX2671678100CE,10:00,BUY_OPEN,92.1,20
2026-07-14,SENSEX,buy_ce,78100,BSE:SENSEX2671678100CE,15:00,SELL_CLOSE,49.2,20
2026-07-14,SENSEX,buy_pe,76300,BSE:SENSEX2671676300PE,10:00,BUY_OPEN,141.75,20
2026-07-14,SENSEX,buy_pe,76300,BSE:SENSEX2671676300PE,15:00,SELL_CLOSE,135.0,20
2026-07-15,NIFTY,sell_ce,24450,NSE:NIFTY2672124450CE,10:00,SELL_OPEN,51.15,75
2026-07-15,NIFTY,sell_ce,24450,NSE:NIFTY2672124450CE,15:00,BUY_CLOSE,30.25,75
2026-07-15,NIFTY,sell_pe,23950,NSE:NIFTY2672123950PE,10:00,SELL_OPEN,75.25,75
2026-07-15,NIFTY,sell_pe,23950,NSE:NIFTY2672123950PE,12:55,BUY_SL,101.59,75
2026-07-15,NIFTY,buy_ce,24650,NSE:NIFTY2672124650CE,10:00,BUY_OPEN,18.1,75
2026-07-15,NIFTY,buy_ce,24650,NSE:NIFTY2672124650CE,15:00,SELL_CLOSE,11.35,75
2026-07-15,NIFTY,buy_pe,23750,NSE:NIFTY2672123750PE,10:00,BUY_OPEN,37.25,75
2026-07-15,NIFTY,buy_pe,23750,NSE:NIFTY2672123750PE,15:00,SELL_CLOSE,53.6,75
2026-07-15,SENSEX,sell_ce,78000,BSE:SENSEX2671678000CE,10:00,SELL_OPEN,102.5,20
2026-07-15,SENSEX,sell_ce,78000,BSE:SENSEX2671678000CE,15:00,BUY_CLOSE,26.4,20
2026-07-15,SENSEX,sell_pe,77000,BSE:SENSEX2671677000PE,10:00,SELL_OPEN,110.05,20
2026-07-15,SENSEX,sell_pe,77000,BSE:SENSEX2671677000PE,12:50,BUY_SL,148.57,20
2026-07-15,SENSEX,buy_ce,78400,BSE:SENSEX2671678400CE,10:00,BUY_OPEN,38.8,20
2026-07-15,SENSEX,buy_ce,78400,BSE:SENSEX2671678400CE,15:00,SELL_CLOSE,11.1,20
2026-07-15,SENSEX,buy_pe,76600,BSE:SENSEX2671676600PE,10:00,BUY_OPEN,50.1,20
2026-07-15,SENSEX,buy_pe,76600,BSE:SENSEX2671676600PE,15:00,SELL_CLOSE,82.05,20
2026-07-16,NIFTY,sell_ce,24400,NSE:NIFTY2672124400CE,10:00,SELL_OPEN,35.95,75
2026-07-16,NIFTY,sell_ce,24400,NSE:NIFTY2672124400CE,11:00,BUY_SL,48.53,75
2026-07-16,NIFTY,sell_ce,24400,NSE:NIFTY2672124400CE,11:35,SELL_REOPEN,35.95,75
2026-07-16,NIFTY,sell_ce,24400,NSE:NIFTY2672124400CE,15:00,BUY_CLOSE,23.55,75
2026-07-16,NIFTY,sell_pe,23900,NSE:NIFTY2672123900PE,10:00,SELL_OPEN,53.2,75
2026-07-16,NIFTY,sell_pe,23900,NSE:NIFTY2672123900PE,13:35,BUY_SL,71.82,75
2026-07-16,NIFTY,sell_pe,23900,NSE:NIFTY2672123900PE,14:55,SELL_REOPEN,53.2,75
2026-07-16,NIFTY,sell_pe,23900,NSE:NIFTY2672123900PE,15:00,BUY_CLOSE,63.0,75
2026-07-16,NIFTY,buy_ce,24600,NSE:NIFTY2672124600CE,10:00,BUY_OPEN,10.45,75
2026-07-16,NIFTY,buy_ce,24600,NSE:NIFTY2672124600CE,15:00,SELL_CLOSE,7.25,75
2026-07-16,NIFTY,buy_pe,23700,NSE:NIFTY2672123700PE,10:00,BUY_OPEN,22.95,75
2026-07-16,NIFTY,buy_pe,23700,NSE:NIFTY2672123700PE,15:00,SELL_CLOSE,24.25,75
2026-07-16,SENSEX,sell_ce,77900,BSE:SENSEX2671677900CE,10:00,SELL_OPEN,19.2,20
2026-07-16,SENSEX,sell_ce,77900,BSE:SENSEX2671677900CE,10:50,BUY_SL,25.92,20
2026-07-16,SENSEX,sell_ce,77900,BSE:SENSEX2671677900CE,11:15,SELL_REOPEN,19.2,20
2026-07-16,SENSEX,sell_ce,77900,BSE:SENSEX2671677900CE,15:00,BUY_CLOSE,0.45,20
2026-07-16,SENSEX,sell_pe,76900,BSE:SENSEX2671676900PE,10:00,SELL_OPEN,29.9,20
2026-07-16,SENSEX,sell_pe,76900,BSE:SENSEX2671676900PE,15:00,BUY_CLOSE,1.35,20
2026-07-16,SENSEX,buy_ce,78300,BSE:SENSEX2671678300CE,10:00,BUY_OPEN,4.6,20
2026-07-16,SENSEX,buy_ce,78300,BSE:SENSEX2671678300CE,15:00,SELL_CLOSE,0.25,20
2026-07-16,SENSEX,buy_pe,76500,BSE:SENSEX2671676500PE,10:00,BUY_OPEN,8.9,20
2026-07-16,SENSEX,buy_pe,76500,BSE:SENSEX2671676500PE,15:00,SELL_CLOSE,0.6,20
2026-07-17,NIFTY,sell_ce,24500,NSE:NIFTY2672124500CE,10:00,SELL_OPEN,26.1,75
2026-07-17,NIFTY,sell_ce,24500,NSE:NIFTY2672124500CE,10:15,BUY_SL,35.24,75
2026-07-17,NIFTY,sell_ce,24500,NSE:NIFTY2672124500CE,11:05,SELL_REOPEN,26.1,75
2026-07-17,NIFTY,sell_ce,24500,NSE:NIFTY2672124500CE,12:45,BUY_SL,35.24,75
2026-07-17,NIFTY,sell_ce,24500,NSE:NIFTY2672124500CE,13:20,SELL_REOPEN,26.1,75
2026-07-17,NIFTY,sell_ce,24500,NSE:NIFTY2672124500CE,14:15,BUY_SL,35.24,75
2026-07-17,NIFTY,sell_pe,24000,NSE:NIFTY2672124000PE,10:00,SELL_OPEN,59.1,75
2026-07-17,NIFTY,sell_pe,24000,NSE:NIFTY2672124000PE,15:00,BUY_CLOSE,37.25,75
2026-07-17,NIFTY,buy_ce,24700,NSE:NIFTY2672124700CE,10:00,BUY_OPEN,7.15,75
2026-07-17,NIFTY,buy_ce,24700,NSE:NIFTY2672124700CE,15:00,SELL_CLOSE,10.55,75
2026-07-17,NIFTY,buy_pe,23800,NSE:NIFTY2672123800PE,10:00,BUY_OPEN,25.3,75
2026-07-17,NIFTY,buy_pe,23800,NSE:NIFTY2672123800PE,15:00,SELL_CLOSE,15.2,75
2026-07-17,SENSEX,sell_ce,78300,BSE:SENSEX2672378300CE,10:00,SELL_OPEN,298.3,20
2026-07-17,SENSEX,sell_ce,78300,BSE:SENSEX2672378300CE,10:15,BUY_SL,402.71,20
2026-07-17,SENSEX,sell_ce,78300,BSE:SENSEX2672378300CE,13:40,SELL_REOPEN,298.3,20
2026-07-17,SENSEX,sell_ce,78300,BSE:SENSEX2672378300CE,14:15,BUY_SL,402.71,20
2026-07-17,SENSEX,sell_pe,77300,BSE:SENSEX2672377300PE,10:00,SELL_OPEN,378.0,20
2026-07-17,SENSEX,sell_pe,77300,BSE:SENSEX2672377300PE,15:00,BUY_CLOSE,297.4,20
2026-07-17,SENSEX,buy_ce,78700,BSE:SENSEX2672378700CE,10:00,BUY_OPEN,178.2,20
2026-07-17,SENSEX,buy_ce,78700,BSE:SENSEX2672378700CE,15:00,SELL_CLOSE,262.7,20
2026-07-17,SENSEX,buy_pe,76900,BSE:SENSEX2672376900PE,10:00,BUY_OPEN,258.15,20
2026-07-17,SENSEX,buy_pe,76900,BSE:SENSEX2672376900PE,15:00,SELL_CLOSE,208.35,20
2026-07-20,NIFTY,sell_ce,24450,NSE:NIFTY2672124450CE,10:00,SELL_OPEN,12.25,75
2026-07-20,NIFTY,sell_ce,24450,NSE:NIFTY2672124450CE,10:15,BUY_SL,16.54,75
2026-07-20,NIFTY,sell_ce,24450,NSE:NIFTY2672124450CE,11:05,SELL_REOPEN,12.25,75
2026-07-20,NIFTY,sell_ce,24450,NSE:NIFTY2672124450CE,13:15,BUY_SL,16.54,75
2026-07-20,NIFTY,sell_ce,24450,NSE:NIFTY2672124450CE,14:35,SELL_REOPEN,12.25,75
2026-07-20,NIFTY,sell_ce,24450,NSE:NIFTY2672124450CE,15:00,BUY_CLOSE,10.9,75
2026-07-20,NIFTY,sell_pe,23950,NSE:NIFTY2672123950PE,10:00,SELL_OPEN,21.7,75
2026-07-20,NIFTY,sell_pe,23950,NSE:NIFTY2672123950PE,15:00,BUY_CLOSE,9.85,75
2026-07-20,NIFTY,buy_ce,24650,NSE:NIFTY2672124650CE,10:00,BUY_OPEN,3.3,75
2026-07-20,NIFTY,buy_ce,24650,NSE:NIFTY2672124650CE,15:00,SELL_CLOSE,2.1,75
2026-07-20,NIFTY,buy_pe,23750,NSE:NIFTY2672123750PE,10:00,BUY_OPEN,6.15,75
2026-07-20,NIFTY,buy_pe,23750,NSE:NIFTY2672123750PE,15:00,SELL_CLOSE,3.85,75
2026-07-20,SENSEX,sell_ce,78100,BSE:SENSEX2672378100CE,10:00,SELL_OPEN,207.05,20
2026-07-20,SENSEX,sell_ce,78100,BSE:SENSEX2672378100CE,13:45,BUY_SL,279.52,20
2026-07-20,SENSEX,sell_pe,77100,BSE:SENSEX2672377100PE,10:00,SELL_OPEN,300.4,20
2026-07-20,SENSEX,sell_pe,77100,BSE:SENSEX2672377100PE,15:00,BUY_CLOSE,192.25,20
2026-07-20,SENSEX,buy_ce,78500,BSE:SENSEX2672378500CE,10:00,BUY_OPEN,113.25,20
2026-07-20,SENSEX,buy_ce,78500,BSE:SENSEX2672378500CE,15:00,SELL_CLOSE,133.6,20
2026-07-20,SENSEX,buy_pe,76700,BSE:SENSEX2672376700PE,10:00,BUY_OPEN,190.95,20
2026-07-20,SENSEX,buy_pe,76700,BSE:SENSEX2672376700PE,15:00,SELL_CLOSE,113.9,20
2026-07-21,NIFTY,sell_ce,24500,NSE:NIFTY2672124500CE,10:00,SELL_OPEN,1.4,75
2026-07-21,NIFTY,sell_ce,24500,NSE:NIFTY2672124500CE,15:00,BUY_CLOSE,0.15,75
2026-07-21,NIFTY,sell_pe,24000,NSE:NIFTY2672124000PE,10:00,SELL_OPEN,2.85,75
2026-07-21,NIFTY,sell_pe,24000,NSE:NIFTY2672124000PE,10:15,BUY_SL,3.85,75
2026-07-21,NIFTY,sell_pe,24000,NSE:NIFTY2672124000PE,11:00,SELL_REOPEN,2.85,75
2026-07-21,NIFTY,sell_pe,24000,NSE:NIFTY2672124000PE,11:45,BUY_SL,3.85,75
2026-07-21,NIFTY,sell_pe,24000,NSE:NIFTY2672124000PE,11:55,SELL_REOPEN,2.85,75
2026-07-21,NIFTY,sell_pe,24000,NSE:NIFTY2672124000PE,15:00,BUY_CLOSE,0.15,75
2026-07-21,NIFTY,buy_ce,24700,NSE:NIFTY2672124700CE,10:00,BUY_OPEN,0.8,75
2026-07-21,NIFTY,buy_ce,24700,NSE:NIFTY2672124700CE,15:00,SELL_CLOSE,0.15,75
2026-07-21,NIFTY,buy_pe,23800,NSE:NIFTY2672123800PE,10:00,BUY_OPEN,1.05,75
2026-07-21,NIFTY,buy_pe,23800,NSE:NIFTY2672123800PE,15:00,SELL_CLOSE,0.15,75
2026-07-21,SENSEX,sell_ce,78100,BSE:SENSEX2672378100CE,10:00,SELL_OPEN,158.2,20
2026-07-21,SENSEX,sell_ce,78100,BSE:SENSEX2672378100CE,15:00,BUY_CLOSE,103.05,20
2026-07-21,SENSEX,sell_pe,77100,BSE:SENSEX2672377100PE,10:00,SELL_OPEN,155.95,20
2026-07-21,SENSEX,sell_pe,77100,BSE:SENSEX2672377100PE,10:35,BUY_SL,210.53,20
2026-07-21,SENSEX,buy_ce,78500,BSE:SENSEX2672378500CE,10:00,BUY_OPEN,72.0,20
2026-07-21,SENSEX,buy_ce,78500,BSE:SENSEX2672378500CE,15:00,SELL_CLOSE,42.55,20
2026-07-21,SENSEX,buy_pe,76700,BSE:SENSEX2672376700PE,10:00,BUY_OPEN,77.55,20
2026-07-21,SENSEX,buy_pe,76700,BSE:SENSEX2672376700PE,15:00,SELL_CLOSE,78.35,20
2026-07-22,SENSEX,sell_ce,77400,BSE:SENSEX2672377400CE,10:00,SELL_OPEN,112.2,20
2026-07-22,SENSEX,sell_ce,77400,BSE:SENSEX2672377400CE,15:00,BUY_CLOSE,47.6,20
2026-07-22,SENSEX,sell_pe,76400,BSE:SENSEX2672376400PE,10:00,SELL_OPEN,105.15,20
2026-07-22,SENSEX,sell_pe,76400,BSE:SENSEX2672376400PE,10:25,BUY_SL,141.95,20
2026-07-22,SENSEX,sell_pe,76400,BSE:SENSEX2672376400PE,11:20,SELL_REOPEN,105.15,20
2026-07-22,SENSEX,sell_pe,76400,BSE:SENSEX2672376400PE,12:15,BUY_SL,141.95,20
2026-07-22,SENSEX,buy_ce,77800,BSE:SENSEX2672377800CE,10:00,BUY_OPEN,48.55,20
2026-07-22,SENSEX,buy_ce,77800,BSE:SENSEX2672377800CE,15:00,SELL_CLOSE,21.35,20
2026-07-22,SENSEX,buy_pe,76000,BSE:SENSEX2672376000PE,10:00,BUY_OPEN,44.05,20
2026-07-22,SENSEX,buy_pe,76000,BSE:SENSEX2672376000PE,15:00,SELL_CLOSE,50.75,20
2026-07-23,SENSEX,sell_ce,77100,BSE:SENSEX2672377100CE,10:00,SELL_OPEN,20.6,20
2026-07-23,SENSEX,sell_ce,77100,BSE:SENSEX2672377100CE,10:05,BUY_SL,27.81,20
2026-07-23,SENSEX,sell_ce,77100,BSE:SENSEX2672377100CE,10:20,SELL_REOPEN,20.6,20
2026-07-23,SENSEX,sell_ce,77100,BSE:SENSEX2672377100CE,15:00,BUY_CLOSE,0.3,20
2026-07-23,SENSEX,sell_pe,76100,BSE:SENSEX2672376100PE,10:00,SELL_OPEN,26.2,20
2026-07-23,SENSEX,sell_pe,76100,BSE:SENSEX2672376100PE,12:40,BUY_SL,35.37,20
2026-07-23,SENSEX,sell_pe,76100,BSE:SENSEX2672376100PE,13:35,SELL_REOPEN,26.2,20
2026-07-23,SENSEX,sell_pe,76100,BSE:SENSEX2672376100PE,15:00,BUY_CLOSE,0.9,20
2026-07-23,SENSEX,buy_ce,77500,BSE:SENSEX2672377500CE,10:00,BUY_OPEN,7.05,20
2026-07-23,SENSEX,buy_ce,77500,BSE:SENSEX2672377500CE,15:00,SELL_CLOSE,0.35,20
2026-07-23,SENSEX,buy_pe,75700,BSE:SENSEX2672375700PE,10:00,BUY_OPEN,5.9,20
2026-07-23,SENSEX,buy_pe,75700,BSE:SENSEX2672375700PE,15:00,SELL_CLOSE,0.3,20
2026-07-29,NIFTY,sell_ce,24450,NSE:NIFTY2680424450CE,10:00,SELL_OPEN,40.4,75
2026-07-29,NIFTY,sell_ce,24450,NSE:NIFTY2680424450CE,14:20,BUY_SL,54.54,75
2026-07-29,NIFTY,sell_pe,23950,NSE:NIFTY2680423950PE,10:00,SELL_OPEN,54.0,75
2026-07-29,NIFTY,sell_pe,23950,NSE:NIFTY2680423950PE,15:00,BUY_CLOSE,39.55,75
2026-07-29,NIFTY,buy_ce,24650,NSE:NIFTY2680424650CE,10:00,BUY_OPEN,11.8,75
2026-07-29,NIFTY,buy_ce,24650,NSE:NIFTY2680424650CE,15:00,SELL_CLOSE,13.2,75
2026-07-29,NIFTY,buy_pe,23750,NSE:NIFTY2680423750PE,10:00,BUY_OPEN,24.1,75
2026-07-29,NIFTY,buy_pe,23750,NSE:NIFTY2680423750PE,15:00,SELL_CLOSE,17.35,75
2026-07-30,NIFTY,sell_ce,24550,NSE:NIFTY2680424550CE,10:00,SELL_OPEN,19.0,75
2026-07-30,NIFTY,sell_ce,24550,NSE:NIFTY2680424550CE,12:30,BUY_SL,25.65,75
2026-07-30,NIFTY,sell_ce,24550,NSE:NIFTY2680424550CE,13:10,SELL_REOPEN,19.0,75
2026-07-30,NIFTY,sell_ce,24550,NSE:NIFTY2680424550CE,15:00,BUY_CLOSE,19.95,75
2026-07-30,NIFTY,sell_pe,24050,NSE:NIFTY2680424050PE,10:00,SELL_OPEN,46.5,75
2026-07-30,NIFTY,sell_pe,24050,NSE:NIFTY2680424050PE,15:00,BUY_CLOSE,33.95,75
2026-07-30,NIFTY,buy_ce,24750,NSE:NIFTY2680424750CE,10:00,BUY_OPEN,4.7,75
2026-07-30,NIFTY,buy_ce,24750,NSE:NIFTY2680424750CE,15:00,SELL_CLOSE,3.85,75
2026-07-30,NIFTY,buy_pe,23850,NSE:NIFTY2680423850PE,10:00,BUY_OPEN,18.0,75
2026-07-30,NIFTY,buy_pe,23850,NSE:NIFTY2680423850PE,15:00,SELL_CLOSE,12.8,75
2026-07-31,NIFTY,sell_ce,24600,NSE:NIFTY2680424600CE,10:00,SELL_OPEN,15.45,75
2026-07-31,NIFTY,sell_ce,24600,NSE:NIFTY2680424600CE,12:40,BUY_SL,20.86,75
2026-07-31,NIFTY,sell_ce,24600,NSE:NIFTY2680424600CE,14:40,SELL_REOPEN,15.45,75
2026-07-31,NIFTY,sell_ce,24600,NSE:NIFTY2680424600CE,15:00,BUY_CLOSE,16.4,75
2026-07-31,NIFTY,sell_pe,24100,NSE:NIFTY2680424100PE,10:00,SELL_OPEN,25.35,75
2026-07-31,NIFTY,sell_pe,24100,NSE:NIFTY2680424100PE,15:00,BUY_CLOSE,15.7,75
2026-07-31,NIFTY,buy_ce,24800,NSE:NIFTY2680424800CE,10:00,BUY_OPEN,3.35,75
2026-07-31,NIFTY,buy_ce,24800,NSE:NIFTY2680424800CE,15:00,SELL_CLOSE,3.2,75
2026-07-31,NIFTY,buy_pe,23900,NSE:NIFTY2680423900PE,10:00,BUY_OPEN,9.8,75
2026-07-31,NIFTY,buy_pe,23900,NSE:NIFTY2680423900PE,15:00,SELL_CLOSE,7.0,75
2026-07-31,SENSEX,sell_ce,78500,BSE:SENSEX2680678500CE,10:00,SELL_OPEN,236.1,20
2026-07-31,SENSEX,sell_ce,78500,BSE:SENSEX2680678500CE,12:45,BUY_SL,318.74,20
2026-07-31,SENSEX,sell_ce,78500,BSE:SENSEX2680678500CE,14:40,SELL_REOPEN,236.1,20
2026-07-31,SENSEX,sell_ce,78500,BSE:SENSEX2680678500CE,15:00,BUY_CLOSE,264.9,20
2026-07-31,SENSEX,sell_pe,77500,BSE:SENSEX2680677500PE,10:00,SELL_OPEN,238.8,20
2026-07-31,SENSEX,sell_pe,77500,BSE:SENSEX2680677500PE,15:00,BUY_CLOSE,181.1,20
2026-07-31,SENSEX,buy_ce,78900,BSE:SENSEX2680678900CE,10:00,BUY_OPEN,130.75,20
2026-07-31,SENSEX,buy_ce,78900,BSE:SENSEX2680678900CE,15:00,SELL_CLOSE,144.1,20
2026-07-31,SENSEX,buy_pe,77100,BSE:SENSEX2680677100PE,10:00,BUY_OPEN,145.35,20
2026-07-31,SENSEX,buy_pe,77100,BSE:SENSEX2680677100PE,15:00,SELL_CLOSE,107.6,20
2026-08-05,NIFTY,sell_ce,24850,NSE:NIFTY2681124850CE,10:00,SELL_OPEN,56.5,75
2026-08-05,NIFTY,sell_ce,24850,NSE:NIFTY2681124850CE,15:00,BUY_CLOSE,52.2,75
2026-08-05,NIFTY,sell_pe,24350,NSE:NIFTY2681124350PE,10:00,SELL_OPEN,44.0,75
2026-08-05,NIFTY,sell_pe,24350,NSE:NIFTY2681124350PE,10:30,BUY_SL,59.4,75
2026-08-05,NIFTY,sell_pe,24350,NSE:NIFTY2681124350PE,10:40,SELL_REOPEN,44.0,75
2026-08-05,NIFTY,sell_pe,24350,NSE:NIFTY2681124350PE,11:55,BUY_SL,59.4,75
2026-08-05,NIFTY,buy_ce,25050,NSE:NIFTY2681125050CE,10:00,BUY_OPEN,19.75,75
2026-08-05,NIFTY,buy_ce,25050,NSE:NIFTY2681125050CE,15:00,SELL_CLOSE,21.0,75
2026-08-05,NIFTY,buy_pe,24150,NSE:NIFTY2681124150PE,10:00,BUY_OPEN,19.35,75
2026-08-05,NIFTY,buy_pe,24150,NSE:NIFTY2681124150PE,15:00,SELL_CLOSE,26.35,75
2026-08-05,SENSEX,sell_ce,79200,BSE:SENSEX2680679200CE,10:00,SELL_OPEN,135.55,20
2026-08-05,SENSEX,sell_ce,79200,BSE:SENSEX2680679200CE,11:00,BUY_SL,182.99,20
2026-08-05,SENSEX,sell_ce,79200,BSE:SENSEX2680679200CE,11:20,SELL_REOPEN,135.55,20
2026-08-05,SENSEX,sell_ce,79200,BSE:SENSEX2680679200CE,15:00,BUY_CLOSE,104.45,20
2026-08-05,SENSEX,sell_pe,78200,BSE:SENSEX2680678200PE,10:00,SELL_OPEN,96.8,20
2026-08-05,SENSEX,sell_pe,78200,BSE:SENSEX2680678200PE,10:30,BUY_SL,130.68,20
2026-08-05,SENSEX,sell_pe,78200,BSE:SENSEX2680678200PE,10:50,SELL_REOPEN,96.8,20
2026-08-05,SENSEX,sell_pe,78200,BSE:SENSEX2680678200PE,11:45,BUY_SL,130.68,20
2026-08-05,SENSEX,buy_ce,79600,BSE:SENSEX2680679600CE,10:00,BUY_OPEN,54.65,20
2026-08-05,SENSEX,buy_ce,79600,BSE:SENSEX2680679600CE,15:00,SELL_CLOSE,48.5,20
2026-08-05,SENSEX,buy_pe,77800,BSE:SENSEX2680677800PE,10:00,BUY_OPEN,44.45,20
2026-08-05,SENSEX,buy_pe,77800,BSE:SENSEX2680677800PE,15:00,SELL_CLOSE,88.8,20
2026-08-06,NIFTY,sell_ce,24900,NSE:NIFTY2681124900CE,10:00,SELL_OPEN,48.25,75
2026-08-06,NIFTY,sell_ce,24900,NSE:NIFTY2681124900CE,15:00,BUY_CLOSE,43.2,75
2026-08-06,NIFTY,sell_pe,24400,NSE:NIFTY2681124400PE,10:00,SELL_OPEN,43.65,75
2026-08-06,NIFTY,sell_pe,24400,NSE:NIFTY2681124400PE,15:00,BUY_CLOSE,38.75,75
2026-08-06,NIFTY,buy_ce,25100,NSE:NIFTY2681125100CE,10:00,BUY_OPEN,16.55,75
2026-08-06,NIFTY,buy_ce,25100,NSE:NIFTY2681125100CE,15:00,SELL_CLOSE,13.9,75
2026-08-06,NIFTY,buy_pe,24200,NSE:NIFTY2681124200PE,10:00,BUY_OPEN,17.85,75
2026-08-06,NIFTY,buy_pe,24200,NSE:NIFTY2681124200PE,15:00,SELL_CLOSE,14.65,75
2026-08-06,SENSEX,sell_ce,79300,BSE:SENSEX2680679300CE,10:00,SELL_OPEN,115.6,20
2026-08-06,SENSEX,sell_ce,79300,BSE:SENSEX2680679300CE,11:15,BUY_SL,156.06,20
2026-08-06,SENSEX,sell_ce,79300,BSE:SENSEX2680679300CE,13:05,SELL_REOPEN,115.6,20
2026-08-06,SENSEX,sell_ce,79300,BSE:SENSEX2680679300CE,15:00,BUY_CLOSE,48.6,20
2026-08-06,SENSEX,sell_pe,78300,BSE:SENSEX2680678300PE,10:00,SELL_OPEN,137.2,20
2026-08-06,SENSEX,sell_pe,78300,BSE:SENSEX2680678300PE,10:50,BUY_SL,185.22,20
2026-08-06,SENSEX,sell_pe,78300,BSE:SENSEX2680678300PE,11:15,SELL_REOPEN,137.2,20
2026-08-06,SENSEX,sell_pe,78300,BSE:SENSEX2680678300PE,15:00,BUY_CLOSE,72.75,20
2026-08-06,SENSEX,buy_ce,79700,BSE:SENSEX2680679700CE,10:00,BUY_OPEN,41.65,20
2026-08-06,SENSEX,buy_ce,79700,BSE:SENSEX2680679700CE,15:00,SELL_CLOSE,8.5,20
2026-08-06,SENSEX,buy_pe,77900,BSE:SENSEX2680677900PE,10:00,BUY_OPEN,54.0,20
2026-08-06,SENSEX,buy_pe,77900,BSE:SENSEX2680677900PE,15:00,SELL_CLOSE,25.45,20
2026-08-07,NIFTY,sell_ce,24900,NSE:NIFTY2681124900CE,10:00,SELL_OPEN,40.2,75
2026-08-07,NIFTY,sell_ce,24900,NSE:NIFTY2681124900CE,15:00,BUY_CLOSE,21.05,75
2026-08-07,NIFTY,sell_pe,24400,NSE:NIFTY2681124400PE,10:00,SELL_OPEN,47.9,75
2026-08-07,NIFTY,sell_pe,24400,NSE:NIFTY2681124400PE,15:00,BUY_CLOSE,40.35,75
2026-08-07,NIFTY,buy_ce,25100,NSE:NIFTY2681125100CE,10:00,BUY_OPEN,12.85,75
2026-08-07,NIFTY,buy_ce,25100,NSE:NIFTY2681125100CE,15:00,SELL_CLOSE,6.45,75
2026-08-07,NIFTY,buy_pe,24200,NSE:NIFTY2681124200PE,10:00,BUY_OPEN,18.25,75
2026-08-07,NIFTY,buy_pe,24200,NSE:NIFTY2681124200PE,15:00,SELL_CLOSE,12.05,75
2026-08-07,SENSEX,sell_ce,79200,BSE:SENSEX2681379200CE,10:00,SELL_OPEN,373.3,20
2026-08-07,SENSEX,sell_ce,79200,BSE:SENSEX2681379200CE,15:00,BUY_CLOSE,263.65,20
2026-08-07,SENSEX,sell_pe,78200,BSE:SENSEX2681378200PE,10:00,SELL_OPEN,302.0,20
2026-08-07,SENSEX,sell_pe,78200,BSE:SENSEX2681378200PE,15:00,BUY_CLOSE,305.95,20
2026-08-07,SENSEX,buy_ce,79600,BSE:SENSEX2681379600CE,10:00,BUY_OPEN,240.6,20
2026-08-07,SENSEX,buy_ce,79600,BSE:SENSEX2681379600CE,15:00,SELL_CLOSE,163.45,20
2026-08-07,SENSEX,buy_pe,77800,BSE:SENSEX2681377800PE,10:00,BUY_OPEN,201.7,20
2026-08-07,SENSEX,buy_pe,77800,BSE:SENSEX2681377800PE,15:00,SELL_CLOSE,189.65,20
2026-08-10,NIFTY,sell_ce,24800,NSE:NIFTY2681124800CE,10:00,SELL_OPEN,18.75,75
2026-08-10,NIFTY,sell_ce,24800,NSE:NIFTY2681124800CE,10:20,BUY_SL,25.31,75
2026-08-10,NIFTY,sell_ce,24800,NSE:NIFTY2681124800CE,13:00,SELL_REOPEN,18.75,75
2026-08-10,NIFTY,sell_ce,24800,NSE:NIFTY2681124800CE,15:00,BUY_CLOSE,14.25,75
2026-08-10,NIFTY,sell_pe,24300,NSE:NIFTY2681124300PE,10:00,SELL_OPEN,17.15,75
2026-08-10,NIFTY,sell_pe,24300,NSE:NIFTY2681124300PE,15:00,BUY_CLOSE,7.3,75
2026-08-10,NIFTY,buy_ce,25000,NSE:NIFTY2681125000CE,10:00,BUY_OPEN,4.75,75
2026-08-10,NIFTY,buy_ce,25000,NSE:NIFTY2681125000CE,15:00,SELL_CLOSE,2.55,75
2026-08-10,NIFTY,buy_pe,24100,NSE:NIFTY2681124100PE,10:00,BUY_OPEN,4.25,75
2026-08-10,NIFTY,buy_pe,24100,NSE:NIFTY2681124100PE,15:00,SELL_CLOSE,2.2,75
2026-08-10,SENSEX,sell_ce,78900,BSE:SENSEX2681378900CE,10:00,SELL_OPEN,275.25,20
2026-08-10,SENSEX,sell_ce,78900,BSE:SENSEX2681378900CE,15:00,BUY_CLOSE,293.95,20
2026-08-10,SENSEX,sell_pe,77900,BSE:SENSEX2681377900PE,10:00,SELL_OPEN,226.0,20
2026-08-10,SENSEX,sell_pe,77900,BSE:SENSEX2681377900PE,15:00,BUY_CLOSE,139.4,20
2026-08-10,SENSEX,buy_ce,79300,BSE:SENSEX2681379300CE,10:00,BUY_OPEN,158.25,20
2026-08-10,SENSEX,buy_ce,79300,BSE:SENSEX2681379300CE,15:00,SELL_CLOSE,157.5,20
2026-08-10,SENSEX,buy_pe,77500,BSE:SENSEX2681377500PE,10:00,BUY_OPEN,132.0,20
2026-08-10,SENSEX,buy_pe,77500,BSE:SENSEX2681377500PE,15:00,SELL_CLOSE,73.55,20
2026-08-11,NIFTY,sell_ce,24750,NSE:NIFTY2681124750CE,10:00,SELL_OPEN,4.15,75
2026-08-11,NIFTY,sell_ce,24750,NSE:NIFTY2681124750CE,15:00,BUY_CLOSE,0.45,75
2026-08-11,NIFTY,sell_pe,24250,NSE:NIFTY2681124250PE,10:00,SELL_OPEN,3.6,75
2026-08-11,NIFTY,sell_pe,24250,NSE:NIFTY2681124250PE,15:00,BUY_CLOSE,0.3,75
2026-08-11,NIFTY,buy_ce,24950,NSE:NIFTY2681124950CE,10:00,BUY_OPEN,1.1,75
2026-08-11,NIFTY,buy_ce,24950,NSE:NIFTY2681124950CE,15:00,SELL_CLOSE,0.1,75
2026-08-11,NIFTY,buy_pe,24050,NSE:NIFTY2681124050PE,10:00,BUY_OPEN,0.75,75
2026-08-11,NIFTY,buy_pe,24050,NSE:NIFTY2681124050PE,15:00,SELL_CLOSE,0.1,75
2026-08-11,SENSEX,sell_ce,78700,BSE:SENSEX2681378700CE,10:00,SELL_OPEN,185.65,20
2026-08-11,SENSEX,sell_ce,78700,BSE:SENSEX2681378700CE,15:00,BUY_CLOSE,151.45,20
2026-08-11,SENSEX,sell_pe,77700,BSE:SENSEX2681377700PE,10:00,SELL_OPEN,154.2,20
2026-08-11,SENSEX,sell_pe,77700,BSE:SENSEX2681377700PE,15:00,BUY_CLOSE,103.5,20
2026-08-11,SENSEX,buy_ce,79100,BSE:SENSEX2681379100CE,10:00,BUY_OPEN,88.5,20
2026-08-11,SENSEX,buy_ce,79100,BSE:SENSEX2681379100CE,15:00,SELL_CLOSE,62.15,20
2026-08-11,SENSEX,buy_pe,77300,BSE:SENSEX2681377300PE,10:00,BUY_OPEN,73.05,20
2026-08-11,SENSEX,buy_pe,77300,BSE:SENSEX2681377300PE,15:00,SELL_CLOSE,43.4,20
2026-08-12,NIFTY,sell_ce,24650,NSE:NIFTY2681824650CE,10:00,SELL_OPEN,46.95,75
2026-08-12,NIFTY,sell_ce,24650,NSE:NIFTY2681824650CE,15:00,BUY_CLOSE,43.25,75
2026-08-12,NIFTY,sell_pe,24150,NSE:NIFTY2681824150PE,10:00,SELL_OPEN,41.9,75
2026-08-12,NIFTY,sell_pe,24150,NSE:NIFTY2681824150PE,10:55,BUY_SL,56.57,75
2026-08-12,NIFTY,sell_pe,24150,NSE:NIFTY2681824150PE,14:40,SELL_REOPEN,41.9,75
2026-08-12,NIFTY,sell_pe,24150,NSE:NIFTY2681824150PE,15:00,BUY_CLOSE,34.65,75
2026-08-12,NIFTY,buy_ce,24850,NSE:NIFTY2681824850CE,10:00,BUY_OPEN,15.6,75
2026-08-12,NIFTY,buy_ce,24850,NSE:NIFTY2681824850CE,15:00,SELL_CLOSE,13.0,75
2026-08-12,NIFTY,buy_pe,23950,NSE:NIFTY2681823950PE,10:00,BUY_OPEN,15.9,75
2026-08-12,NIFTY,buy_pe,23950,NSE:NIFTY2681823950PE,15:00,SELL_CLOSE,12.65,75
2026-08-12,SENSEX,sell_ce,78400,BSE:SENSEX2681378400CE,10:00,SELL_OPEN,94.8,20
2026-08-12,SENSEX,sell_ce,78400,BSE:SENSEX2681378400CE,15:00,BUY_CLOSE,63.75,20
2026-08-12,SENSEX,sell_pe,77400,BSE:SENSEX2681377400PE,10:00,SELL_OPEN,75.55,20
2026-08-12,SENSEX,sell_pe,77400,BSE:SENSEX2681377400PE,10:55,BUY_SL,101.99,20
2026-08-12,SENSEX,sell_pe,77400,BSE:SENSEX2681377400PE,14:40,SELL_REOPEN,75.55,20
2026-08-12,SENSEX,sell_pe,77400,BSE:SENSEX2681377400PE,15:00,BUY_CLOSE,48.9,20
2026-08-12,SENSEX,buy_ce,78800,BSE:SENSEX2681378800CE,10:00,BUY_OPEN,35.4,20
2026-08-12,SENSEX,buy_ce,78800,BSE:SENSEX2681378800CE,15:00,SELL_CLOSE,20.4,20
2026-08-12,SENSEX,buy_pe,77000,BSE:SENSEX2681377000PE,10:00,BUY_OPEN,28.25,20
2026-08-12,SENSEX,buy_pe,77000,BSE:SENSEX2681377000PE,15:00,SELL_CLOSE,17.25,20
2026-08-13,NIFTY,sell_ce,24600,NSE:NIFTY2681824600CE,10:00,SELL_OPEN,36.8,75
2026-08-13,NIFTY,sell_ce,24600,NSE:NIFTY2681824600CE,12:00,BUY_SL,49.68,75
2026-08-13,NIFTY,sell_ce,24600,NSE:NIFTY2681824600CE,13:00,SELL_REOPEN,36.8,75
2026-08-13,NIFTY,sell_ce,24600,NSE:NIFTY2681824600CE,15:00,BUY_CLOSE,39.0,75
2026-08-13,NIFTY,sell_pe,24100,NSE:NIFTY2681824100PE,10:00,SELL_OPEN,23.95,75
2026-08-13,NIFTY,sell_pe,24100,NSE:NIFTY2681824100PE,15:00,BUY_CLOSE,13.85,75
2026-08-13,NIFTY,buy_ce,24800,NSE:NIFTY2681824800CE,10:00,BUY_OPEN,9.75,75
2026-08-13,NIFTY,buy_ce,24800,NSE:NIFTY2681824800CE,15:00,SELL_CLOSE,8.7,75
2026-08-13,NIFTY,buy_pe,23900,NSE:NIFTY2681823900PE,10:00,BUY_OPEN,8.25,75
2026-08-13,NIFTY,buy_pe,23900,NSE:NIFTY2681823900PE,15:00,SELL_CLOSE,4.05,75
2026-08-13,SENSEX,sell_ce,78300,BSE:SENSEX2681378300CE,10:00,SELL_OPEN,26.9,20
2026-08-13,SENSEX,sell_ce,78300,BSE:SENSEX2681378300CE,12:00,BUY_SL,36.31,20
2026-08-13,SENSEX,sell_ce,78300,BSE:SENSEX2681378300CE,12:15,SELL_REOPEN,26.9,20
2026-08-13,SENSEX,sell_ce,78300,BSE:SENSEX2681378300CE,15:00,BUY_CLOSE,2.8,20
2026-08-13,SENSEX,sell_pe,77300,BSE:SENSEX2681377300PE,10:00,SELL_OPEN,14.3,20
2026-08-13,SENSEX,sell_pe,77300,BSE:SENSEX2681377300PE,10:25,BUY_SL,19.31,20
2026-08-13,SENSEX,sell_pe,77300,BSE:SENSEX2681377300PE,10:40,SELL_REOPEN,14.3,20
2026-08-13,SENSEX,sell_pe,77300,BSE:SENSEX2681377300PE,15:00,BUY_CLOSE,0.95,20
2026-08-13,SENSEX,buy_ce,78700,BSE:SENSEX2681378700CE,10:00,BUY_OPEN,6.7,20
2026-08-13,SENSEX,buy_ce,78700,BSE:SENSEX2681378700CE,15:00,SELL_CLOSE,0.85,20
2026-08-13,SENSEX,buy_pe,76900,BSE:SENSEX2681376900PE,10:00,BUY_OPEN,3.7,20
2026-08-13,SENSEX,buy_pe,76900,BSE:SENSEX2681376900PE,15:00,SELL_CLOSE,0.45,20
2026-08-14,NIFTY,sell_ce,24600,NSE:NIFTY2681824600CE,10:00,SELL_OPEN,20.3,75
2026-08-14,NIFTY,sell_ce,24600,NSE:NIFTY2681824600CE,13:45,BUY_SL,27.41,75
2026-08-14,NIFTY,sell_pe,24100,NSE:NIFTY2681824100PE,10:00,SELL_OPEN,15.45,75
2026-08-14,NIFTY,sell_pe,24100,NSE:NIFTY2681824100PE,15:00,BUY_CLOSE,8.0,75
2026-08-14,NIFTY,buy_ce,24800,NSE:NIFTY2681824800CE,10:00,BUY_OPEN,5.4,75
2026-08-14,NIFTY,buy_ce,24800,NSE:NIFTY2681824800CE,15:00,SELL_CLOSE,5.0,75
2026-08-14,NIFTY,buy_pe,23900,NSE:NIFTY2681823900PE,10:00,BUY_OPEN,4.55,75
2026-08-14,NIFTY,buy_pe,23900,NSE:NIFTY2681823900PE,15:00,SELL_CLOSE,3.15,75
2026-08-14,SENSEX,sell_ce,78300,BSE:SENSEX2682078300CE,10:00,SELL_OPEN,269.8,20
2026-08-14,SENSEX,sell_ce,78300,BSE:SENSEX2682078300CE,14:00,BUY_SL,364.23,20
2026-08-14,SENSEX,sell_pe,77300,BSE:SENSEX2682077300PE,10:00,SELL_OPEN,169.9,20
2026-08-14,SENSEX,sell_pe,77300,BSE:SENSEX2682077300PE,15:00,BUY_CLOSE,108.15,20
2026-08-14,SENSEX,buy_ce,78700,BSE:SENSEX2682078700CE,10:00,BUY_OPEN,147.05,20
2026-08-14,SENSEX,buy_ce,78700,BSE:SENSEX2682078700CE,15:00,SELL_CLOSE,173.9,20
2026-08-14,SENSEX,buy_pe,76900,BSE:SENSEX2682076900PE,10:00,BUY_OPEN,93.55,20
2026-08-14,SENSEX,buy_pe,76900,BSE:SENSEX2682076900PE,15:00,SELL_CLOSE,56.5,20
2026-08-17,NIFTY,sell_ce,24550,NSE:NIFTY2681824550CE,10:00,SELL_OPEN,7.25,75
2026-08-17,NIFTY,sell_ce,24550,NSE:NIFTY2681824550CE,12:45,BUY_SL,9.79,75
2026-08-17,NIFTY,sell_pe,24050,NSE:NIFTY2681824050PE,10:00,SELL_OPEN,5.55,75
2026-08-17,NIFTY,sell_pe,24050,NSE:NIFTY2681824050PE,10:15,BUY_SL,7.49,75
2026-08-17,NIFTY,sell_pe,24050,NSE:NIFTY2681824050PE,12:15,SELL_REOPEN,5.55,75
2026-08-17,NIFTY,sell_pe,24050,NSE:NIFTY2681824050PE,15:00,BUY_CLOSE,3.4,75
2026-08-17,NIFTY,buy_ce,24750,NSE:NIFTY2681824750CE,10:00,BUY_OPEN,2.6,75
2026-08-17,NIFTY,buy_ce,24750,NSE:NIFTY2681824750CE,15:00,SELL_CLOSE,2.25,75
2026-08-17,NIFTY,buy_pe,23850,NSE:NIFTY2681823850PE,10:00,BUY_OPEN,2.15,75
2026-08-17,NIFTY,buy_pe,23850,NSE:NIFTY2681823850PE,15:00,SELL_CLOSE,1.8,75
2026-08-17,SENSEX,sell_ce,78100,BSE:SENSEX2682078100CE,10:00,SELL_OPEN,179.05,20
2026-08-17,SENSEX,sell_ce,78100,BSE:SENSEX2682078100CE,12:45,BUY_SL,241.72,20
2026-08-17,SENSEX,sell_pe,77100,BSE:SENSEX2682077100PE,10:00,SELL_OPEN,111.7,20
2026-08-17,SENSEX,sell_pe,77100,BSE:SENSEX2682077100PE,10:40,BUY_SL,150.8,20
2026-08-17,SENSEX,sell_pe,77100,BSE:SENSEX2682077100PE,11:50,SELL_REOPEN,111.7,20
2026-08-17,SENSEX,sell_pe,77100,BSE:SENSEX2682077100PE,15:00,BUY_CLOSE,60.45,20
2026-08-17,SENSEX,buy_ce,78500,BSE:SENSEX2682078500CE,10:00,BUY_OPEN,83.65,20
2026-08-17,SENSEX,buy_ce,78500,BSE:SENSEX2682078500CE,15:00,SELL_CLOSE,143.75,20
2026-08-17,SENSEX,buy_pe,76700,BSE:SENSEX2682076700PE,10:00,BUY_OPEN,48.55,20
2026-08-17,SENSEX,buy_pe,76700,BSE:SENSEX2682076700PE,15:00,SELL_CLOSE,27.25,20
2026-08-18,NIFTY,sell_ce,24500,NSE:NIFTY2681824500CE,10:00,SELL_OPEN,1.6,75
2026-08-18,NIFTY,sell_ce,24500,NSE:NIFTY2681824500CE,15:00,BUY_CLOSE,0.25,75
2026-08-18,NIFTY,sell_pe,24000,NSE:NIFTY2681824000PE,10:00,SELL_OPEN,1.45,75
2026-08-18,NIFTY,sell_pe,24000,NSE:NIFTY2681824000PE,11:30,BUY_SL,1.96,75
2026-08-18,NIFTY,sell_pe,24000,NSE:NIFTY2681824000PE,11:35,SELL_REOPEN,1.45,75
2026-08-18,NIFTY,sell_pe,24000,NSE:NIFTY2681824000PE,15:00,BUY_CLOSE,0.25,75
2026-08-18,NIFTY,buy_ce,24700,NSE:NIFTY2681824700CE,10:00,BUY_OPEN,0.8,75
2026-08-18,NIFTY,buy_ce,24700,NSE:NIFTY2681824700CE,15:00,SELL_CLOSE,0.15,75
2026-08-18,NIFTY,buy_pe,23800,NSE:NIFTY2681823800PE,10:00,BUY_OPEN,0.6,75
2026-08-18,NIFTY,buy_pe,23800,NSE:NIFTY2681823800PE,15:00,SELL_CLOSE,0.1,75
2026-08-18,SENSEX,sell_ce,78000,BSE:SENSEX2682078000CE,10:00,SELL_OPEN,106.3,20
2026-08-18,SENSEX,sell_ce,78000,BSE:SENSEX2682078000CE,15:00,BUY_CLOSE,91.35,20
2026-08-18,SENSEX,sell_pe,77000,BSE:SENSEX2682077000PE,10:00,SELL_OPEN,101.45,20
2026-08-18,SENSEX,sell_pe,77000,BSE:SENSEX2682077000PE,10:55,BUY_SL,136.96,20
2026-08-18,SENSEX,sell_pe,77000,BSE:SENSEX2682077000PE,14:30,SELL_REOPEN,101.45,20
2026-08-18,SENSEX,sell_pe,77000,BSE:SENSEX2682077000PE,15:00,BUY_CLOSE,93.95,20
2026-08-18,SENSEX,buy_ce,78400,BSE:SENSEX2682078400CE,10:00,BUY_OPEN,42.8,20
2026-08-18,SENSEX,buy_ce,78400,BSE:SENSEX2682078400CE,15:00,SELL_CLOSE,37.7,20
2026-08-18,SENSEX,buy_pe,76600,BSE:SENSEX2682076600PE,10:00,BUY_OPEN,39.5,20
2026-08-18,SENSEX,buy_pe,76600,BSE:SENSEX2682076600PE,15:00,SELL_CLOSE,34.7,20
2026-08-19,SENSEX,sell_ce,77500,BSE:SENSEX2682077500CE,10:00,SELL_OPEN,85.85,20
2026-08-19,SENSEX,sell_ce,77500,BSE:SENSEX2682077500CE,15:00,BUY_CLOSE,54.85,20
2026-08-19,SENSEX,sell_pe,76500,BSE:SENSEX2682076500PE,10:00,SELL_OPEN,43.0,20
2026-08-19,SENSEX,sell_pe,76500,BSE:SENSEX2682076500PE,10:30,BUY_SL,58.05,20
2026-08-19,SENSEX,sell_pe,76500,BSE:SENSEX2682076500PE,11:50,SELL_REOPEN,43.0,20
2026-08-19,SENSEX,sell_pe,76500,BSE:SENSEX2682076500PE,12:10,BUY_SL,58.05,20
2026-08-19,SENSEX,sell_pe,76500,BSE:SENSEX2682076500PE,14:05,SELL_REOPEN,43.0,20
2026-08-19,SENSEX,sell_pe,76500,BSE:SENSEX2682076500PE,14:20,BUY_SL,58.05,20
2026-08-19,SENSEX,sell_pe,76500,BSE:SENSEX2682076500PE,14:30,SELL_REOPEN,43.0,20
2026-08-19,SENSEX,sell_pe,76500,BSE:SENSEX2682076500PE,15:00,BUY_CLOSE,42.85,20
2026-08-19,SENSEX,buy_ce,77900,BSE:SENSEX2682077900CE,10:00,BUY_OPEN,29.6,20
2026-08-19,SENSEX,buy_ce,77900,BSE:SENSEX2682077900CE,15:00,SELL_CLOSE,20.3,20
2026-08-19,SENSEX,buy_pe,76100,BSE:SENSEX2682076100PE,10:00,BUY_OPEN,15.1,20
2026-08-19,SENSEX,buy_pe,76100,BSE:SENSEX2682076100PE,15:00,SELL_CLOSE,13.95,20
2026-08-20,SENSEX,sell_ce,78000,BSE:SENSEX2682078000CE,10:00,SELL_OPEN,8.05,20
2026-08-20,SENSEX,sell_ce,78000,BSE:SENSEX2682078000CE,12:50,BUY_SL,10.87,20
2026-08-20,SENSEX,sell_ce,78000,BSE:SENSEX2682078000CE,12:55,SELL_REOPEN,8.05,20
2026-08-20,SENSEX,sell_ce,78000,BSE:SENSEX2682078000CE,15:00,BUY_CLOSE,2.2,20
2026-08-20,SENSEX,sell_pe,77000,BSE:SENSEX2682077000PE,10:00,SELL_OPEN,11.7,20
2026-08-20,SENSEX,sell_pe,77000,BSE:SENSEX2682077000PE,15:00,BUY_CLOSE,2.1,20
2026-08-20,SENSEX,buy_ce,78400,BSE:SENSEX2682078400CE,10:00,BUY_OPEN,2.6,20
2026-08-20,SENSEX,buy_ce,78400,BSE:SENSEX2682078400CE,15:00,SELL_CLOSE,0.75,20
2026-08-20,SENSEX,buy_pe,76600,BSE:SENSEX2682076600PE,10:00,BUY_OPEN,3.85,20
2026-08-20,SENSEX,buy_pe,76600,BSE:SENSEX2682076600PE,15:00,SELL_CLOSE,0.95,20
